time,co,co2,hap_bat_v,p1,p2,sensor_id,topic,type
2017-05-12T08:40:40Z,0,0,4.21,0,0,4825e0db406045ae,ITAY_HAP,hap_sum
2017-05-12T08:39:45Z,0,0,4.21,0,0,4825e0db406045ae,ITAY_HAP,hap_sum
2017-05-12T08:38:43Z,0,0,4.21,0,0,4825e0db406045ae,ITAY_HAP,hap_sum
2017-05-12T08:37:44Z,0,0,4.2,0,0,4825e0db406045ae,ITAY_HAP,hap_sum
2017-05-12T08:36:39Z,0,0,4.21,0,0,4825e0db406045ae,ITAY_HAP,hap_sum
2017-05-12T08:35:44Z,0,0,4.21,0,0,4825e0db406045ae,ITAY_HAP,hap_sum
2017-05-12T08:34:42Z,0,0,4.2,0,0,4825e0db406045ae,ITAY_HAP,hap_sum
2017-05-12T08:33:42Z,0,0,4.19,0,0,4825e0db406045ae,ITAY_HAP,hap_sum
2017-05-12T08:32:39Z,0,0,4.2,0,0,4825e0db406045ae,ITAY_HAP,hap_sum
2017-05-12T08:31:43Z,0,0,4.2,0,0,4825e0db406045ae,ITAY_HAP,hap_sum
2017-05-12T08:30:40Z,0,0,4.2,0,0,4825e0db406045ae,ITAY_HAP,hap_sum
2017-05-12T08:29:44Z,0,0,4.21,0,0,4825e0db406045ae,ITAY_HAP,hap_sum
2017-05-12T08:28:45Z,0,0,4.21,0,0,4825e0db406045ae,ITAY_HAP,hap_sum
2017-05-12T08:27:44Z,0,0,4.21,0,0,4825e0db406045ae,ITAY_HAP,hap_sum
2017-05-12T08:26:43Z,0,0,4.21,0,0,4825e0db406045ae,ITAY_HAP,hap_sum
2017-05-12T08:25:43Z,0,0,4.21,0,0,4825e0db406045ae,ITAY_HAP,hap_sum
2017-05-12T08:24:45Z,0,0,4.21,0,0,4825e0db406045ae,ITAY_HAP,hap_sum
2017-05-12T08:24:22Z,0,0,4.19,0,0,4825e0db406045ae,ITAY_HAP,hap_sum
2017-05-12T08:22:40Z,0,0,4.2,0,0,4825e0db406045ae,ITAY_HAP,hap_sum
2017-05-12T08:21:40Z,0,0,4.2,0,0,4825e0db406045ae,ITAY_HAP,hap_sum
2017-05-12T08:20:39Z,0,0,4.2,0,0,4825e0db406045ae,ITAY_HAP,hap_sum
2017-05-12T08:19:44Z,0,0,4.2,0,0,4825e0db406045ae,ITAY_HAP,hap_sum
2017-05-12T08:18:40Z,0,0,4.21,0,0,4825e0db406045ae,ITAY_HAP,hap_sum
2017-05-12T08:17:43Z,0,0,4.21,0,0,4825e0db406045ae,ITAY_HAP,hap_sum
2017-05-12T08:16:44Z,0,0,4.21,0,0,4825e0db406045ae,ITAY_HAP,hap_sum
2017-05-12T08:15:44Z,0,0,4.2,0,0,4825e0db406045ae,ITAY_HAP,hap_sum
2017-05-12T08:14:45Z,0,0,4.2,0,0,4825e0db406045ae,ITAY_HAP,hap_sum
2017-05-12T08:13:44Z,0,0,4.21,0,0,4825e0db406045ae,ITAY_HAP,hap_sum
2017-05-12T08:12:44Z,0,0,4.21,0,0,4825e0db406045ae,ITAY_HAP,hap_sum
2017-05-12T08:11:44Z,0,0,4.21,0,0,4825e0db406045ae,ITAY_HAP,hap_sum
2017-05-12T08:10:44Z,0,0,4.2,0,0,4825e0db406045ae,ITAY_HAP,hap_sum
2017-05-12T08:09:43Z,0,0,4.2,0,0,4825e0db406045ae,ITAY_HAP,hap_sum
2017-05-12T08:08:44Z,0,0,4.2,0,0,4825e0db406045ae,ITAY_HAP,hap_sum
2017-05-12T08:07:43Z,0,0,4.2,0,0,4825e0db406045ae,ITAY_HAP,hap_sum
2017-05-12T08:06:43Z,0,0,4.2,0,0,4825e0db406045ae,ITAY_HAP,hap_sum
2017-05-12T08:05:44Z,0,0,4.19,0,0,4825e0db406045ae,ITAY_HAP,hap_sum
2017-05-12T08:04:44Z,0,0,4.19,0,0,4825e0db406045ae,ITAY_HAP,hap_sum
2017-05-12T08:03:40Z,0,0,4.2,0,0,4825e0db406045ae,ITAY_HAP,hap_sum
2017-05-12T08:02:44Z,0,0,4.2,0,0,4825e0db406045ae,ITAY_HAP,hap_sum
2017-05-12T08:01:45Z,0,0,4.2,0,0,4825e0db406045ae,ITAY_HAP,hap_sum
2017-05-12T08:00:42Z,0,0,4.2,0,0,4825e0db406045ae,ITAY_HAP,hap_sum
2017-05-12T07:59:43Z,0,0,4.2,0,0,4825e0db406045ae,ITAY_HAP,hap_sum
2017-05-12T07:58:44Z,0,0,4.2,0,0,4825e0db406045ae,ITAY_HAP,hap_sum
2017-05-12T07:57:44Z,0,0,4.2,0,0,4825e0db406045ae,ITAY_HAP,hap_sum
2017-05-12T07:56:42Z,0,0,4.2,0,0,4825e0db406045ae,ITAY_HAP,hap_sum
2017-05-12T07:55:44Z,0,0,4.2,0,0,4825e0db406045ae,ITAY_HAP,hap_sum
2017-05-12T07:54:42Z,0,0,4.19,0,0,4825e0db406045ae,ITAY_HAP,hap_sum
2017-05-12T07:53:40Z,0,0,4.2,0,0,4825e0db406045ae,ITAY_HAP,hap_sum
2017-05-12T07:52:44Z,0,0,4.2,0,0,4825e0db406045ae,ITAY_HAP,hap_sum
2017-05-12T07:51:45Z,0,0,4.2,0,0,4825e0db406045ae,ITAY_HAP,hap_sum
2017-05-12T07:50:43Z,0,0,4.2,0,0,4825e0db406045ae,ITAY_HAP,hap_sum
2017-05-12T07:49:43Z,0,0,4.2,0,0,4825e0db406045ae,ITAY_HAP,hap_sum
2017-05-12T07:48:42Z,0,0,4.2,0,0,4825e0db406045ae,ITAY_HAP,hap_sum
2017-05-12T07:47:44Z,0,0,4.19,0,0,4825e0db406045ae,ITAY_HAP,hap_sum
2017-05-12T07:46:40Z,0,0,4.2,0,0,4825e0db406045ae,ITAY_HAP,hap_sum
2017-05-12T07:45:44Z,0,0,4.2,0,0,4825e0db406045ae,ITAY_HAP,hap_sum
2017-05-12T07:44:45Z,0,0,4.2,0,0,4825e0db406045ae,ITAY_HAP,hap_sum
2017-05-12T07:43:45Z,0,0,4.2,0,0,4825e0db406045ae,ITAY_HAP,hap_sum
2017-05-12T07:42:45Z,0,0,4.2,0,0,4825e0db406045ae,ITAY_HAP,hap_sum
2017-05-12T07:41:43Z,0,0,4.2,0,0,4825e0db406045ae,ITAY_HAP,hap_sum
2017-05-12T07:40:44Z,0,0,4.2,0,0,4825e0db406045ae,ITAY_HAP,hap_sum
2017-05-12T07:39:43Z,0,0,4.2,0,0,4825e0db406045ae,ITAY_HAP,hap_sum
2017-05-12T07:38:39Z,0,0,4.2,0,0,4825e0db406045ae,ITAY_HAP,hap_sum
2017-05-12T07:37:40Z,0,0,4.2,0,0,4825e0db406045ae,ITAY_HAP,hap_sum
2017-05-12T07:36:43Z,0,0,4.2,0,0,4825e0db406045ae,ITAY_HAP,hap_sum
2017-05-12T07:35:44Z,0,0,4.2,0,0,4825e0db406045ae,ITAY_HAP,hap_sum
2017-05-12T07:34:40Z,0,0,4.21,0,0,4825e0db406045ae,ITAY_HAP,hap_sum
2017-05-12T07:33:43Z,0,0,4.2,0,0,4825e0db406045ae,ITAY_HAP,hap_sum
2017-05-12T07:32:40Z,0,0,4.21,0,0,4825e0db406045ae,ITAY_HAP,hap_sum
2017-05-12T07:31:43Z,0,0,4.21,0,0,4825e0db406045ae,ITAY_HAP,hap_sum
2017-05-12T07:31:20Z,0,0,4.2,0,0,4825e0db406045ae,ITAY_HAP,hap_sum
2017-05-12T07:29:41Z,0,0,4.21,0,0,4825e0db406045ae,ITAY_HAP,hap_sum
2017-05-12T07:28:42Z,0,0,4.21,0,0,4825e0db406045ae,ITAY_HAP,hap_sum
2017-05-12T07:27:44Z,0,0,4.21,0,0,4825e0db406045ae,ITAY_HAP,hap_sum
2017-05-12T07:26:44Z,0,0,4.21,0,0,4825e0db406045ae,ITAY_HAP,hap_sum
2017-05-12T07:25:45Z,0,0,4.21,0,0,4825e0db406045ae,ITAY_HAP,hap_sum
2017-05-12T07:24:43Z,0,0,4.21,0,0,4825e0db406045ae,ITAY_HAP,hap_sum
2017-05-12T07:23:43Z,0,0,4.21,0,0,4825e0db406045ae,ITAY_HAP,hap_sum
2017-05-12T07:22:46Z,0,0,4.21,0,0,4825e0db406045ae,ITAY_HAP,hap_sum
2017-05-12T07:21:42Z,0,0,4.21,0,0,4825e0db406045ae,ITAY_HAP,hap_sum
2017-05-12T07:20:44Z,0,0,4.22,0,0,4825e0db406045ae,ITAY_HAP,hap_sum
2017-05-12T07:20:22Z,0,0,4.21,0,0,4825e0db406045ae,ITAY_HAP,hap_sum
2017-05-12T07:18:44Z,0,0,4.21,0,0,4825e0db406045ae,ITAY_HAP,hap_sum
2017-05-12T07:17:42Z,0,0,4.21,0,0,4825e0db406045ae,ITAY_HAP,hap_sum
2017-05-12T07:16:43Z,0,0,4.21,0,0,4825e0db406045ae,ITAY_HAP,hap_sum
2017-05-12T07:15:44Z,0,0,4.21,0,0,4825e0db406045ae,ITAY_HAP,hap_sum
2017-05-12T07:14:44Z,0,0,4.21,0,0,4825e0db406045ae,ITAY_HAP,hap_sum
2017-05-12T07:13:43Z,0,0,4.2,0,0,4825e0db406045ae,ITAY_HAP,hap_sum
2017-05-12T07:12:39Z,0,0,4.21,0,0,4825e0db406045ae,ITAY_HAP,hap_sum
2017-05-12T07:11:44Z,0,0,4.21,0,0,4825e0db406045ae,ITAY_HAP,hap_sum
2017-05-12T07:10:43Z,0,0,4.21,0,0,4825e0db406045ae,ITAY_HAP,hap_sum
2017-05-12T07:09:42Z,0,0,4.21,0,0,4825e0db406045ae,ITAY_HAP,hap_sum
2017-05-12T07:08:42Z,0,0,4.21,0,0,4825e0db406045ae,ITAY_HAP,hap_sum
2017-05-12T07:07:45Z,0,0,4.21,0,0,4825e0db406045ae,ITAY_HAP,hap_sum
2017-05-12T07:06:43Z,0,0,4.21,0,0,4825e0db406045ae,ITAY_HAP,hap_sum
2017-05-12T07:05:44Z,0,0,4.21,0,0,4825e0db406045ae,ITAY_HAP,hap_sum
2017-05-12T07:04:44Z,0,0,4.21,0,0,4825e0db406045ae,ITAY_HAP,hap_sum
2017-05-12T07:03:43Z,0,0,4.21,0,0,4825e0db406045ae,ITAY_HAP,hap_sum
2017-05-12T07:02:44Z,0,0,4.21,0,0,4825e0db406045ae,ITAY_HAP,hap_sum
2017-05-12T07:01:42Z,0,0,4.2,0,0,4825e0db406045ae,ITAY_HAP,hap_sum
2017-05-12T07:00:40Z,0,0,4.21,0,0,4825e0db406045ae,ITAY_HAP,hap_sum
2017-05-12T06:59:45Z,0,0,4.21,0,0,4825e0db406045ae,ITAY_HAP,hap_sum
2017-05-12T06:58:43Z,0,0,4.2,0,0,4825e0db406045ae,ITAY_HAP,hap_sum
2017-05-12T06:57:39Z,0,0,4.2,0,0,4825e0db406045ae,ITAY_HAP,hap_sum
2017-05-12T06:56:39Z,0,0,4.21,0,0,4825e0db406045ae,ITAY_HAP,hap_sum
2017-05-12T06:55:44Z,0,0,4.21,0,0,4825e0db406045ae,ITAY_HAP,hap_sum
2017-05-12T06:54:43Z,0,0,4.21,0,0,4825e0db406045ae,ITAY_HAP,hap_sum
2017-05-12T06:53:44Z,0,0,4.21,0,0,4825e0db406045ae,ITAY_HAP,hap_sum
2017-05-12T06:52:43Z,0,0,4.21,0,0,4825e0db406045ae,ITAY_HAP,hap_sum
2017-05-12T06:51:42Z,0,0,4.2,0,0,4825e0db406045ae,ITAY_HAP,hap_sum
2017-05-12T06:50:40Z,0,0,4.21,0,0,4825e0db406045ae,ITAY_HAP,hap_sum
2017-05-12T06:49:39Z,0,0,4.21,0,0,4825e0db406045ae,ITAY_HAP,hap_sum
2017-05-12T06:48:42Z,0,0,4.21,0,0,4825e0db406045ae,ITAY_HAP,hap_sum
2017-05-12T06:47:43Z,0,0,4.21,0,0,4825e0db406045ae,ITAY_HAP,hap_sum
2017-05-12T06:46:45Z,0,0,4.21,0,0,4825e0db406045ae,ITAY_HAP,hap_sum
2017-05-12T06:45:42Z,0,0,4.21,0,0,4825e0db406045ae,ITAY_HAP,hap_sum
2017-05-12T06:44:44Z,0,0,4.21,0,0,4825e0db406045ae,ITAY_HAP,hap_sum
2017-05-12T06:43:43Z,0,0,4.21,0,0,4825e0db406045ae,ITAY_HAP,hap_sum
2017-05-12T06:42:42Z,0,0,4.21,0,0,4825e0db406045ae,ITAY_HAP,hap_sum
2017-05-12T06:41:44Z,0,0,4.21,0,0,4825e0db406045ae,ITAY_HAP,hap_sum
2017-05-12T06:40:43Z,0,0,4.21,0,0,4825e0db406045ae,ITAY_HAP,hap_sum
2017-05-12T06:39:42Z,0,0,4.2,0,0,4825e0db406045ae,ITAY_HAP,hap_sum
2017-05-12T06:38:39Z,0,0,4.21,0,0,4825e0db406045ae,ITAY_HAP,hap_sum
2017-05-12T06:37:45Z,0,0,4.21,0,0,4825e0db406045ae,ITAY_HAP,hap_sum
2017-05-12T06:36:42Z,0,0,4.21,0,0,4825e0db406045ae,ITAY_HAP,hap_sum
2017-05-12T06:35:43Z,0,0,4.2,0,0,4825e0db406045ae,ITAY_HAP,hap_sum
2017-05-12T06:34:40Z,0,0,4.21,0,0,4825e0db406045ae,ITAY_HAP,hap_sum
2017-05-12T06:33:42Z,0,0,4.2,0,0,4825e0db406045ae,ITAY_HAP,hap_sum
2017-05-12T06:32:39Z,0,0,4.21,0,0,4825e0db406045ae,ITAY_HAP,hap_sum
2017-05-12T06:31:42Z,0,0,4.21,0,0,4825e0db406045ae,ITAY_HAP,hap_sum
2017-05-12T06:30:44Z,0,0,4.21,0,0,4825e0db406045ae,ITAY_HAP,hap_sum
2017-05-12T06:29:42Z,0,0,4.21,0,0,4825e0db406045ae,ITAY_HAP,hap_sum
2017-05-12T06:28:43Z,0,0,4.21,0,0,4825e0db406045ae,ITAY_HAP,hap_sum
2017-05-12T06:27:44Z,0,0,4.21,0,0,4825e0db406045ae,ITAY_HAP,hap_sum
2017-05-12T06:26:43Z,0,0,4.21,0,0,4825e0db406045ae,ITAY_HAP,hap_sum
2017-05-12T06:25:44Z,0,0,4.21,0,0,4825e0db406045ae,ITAY_HAP,hap_sum
2017-05-12T06:24:42Z,0,0,4.21,0,0,4825e0db406045ae,ITAY_HAP,hap_sum
2017-05-12T06:23:45Z,0,0,4.21,0,0,4825e0db406045ae,ITAY_HAP,hap_sum
2017-05-12T06:22:45Z,0,0,4.21,0,0,4825e0db406045ae,ITAY_HAP,hap_sum
2017-05-12T06:21:43Z,0,0,4.21,0,0,4825e0db406045ae,ITAY_HAP,hap_sum
2017-05-12T06:20:43Z,0,0,4.21,0,0,4825e0db406045ae,ITAY_HAP,hap_sum
2017-05-12T06:19:44Z,0,0,4.21,0,0,4825e0db406045ae,ITAY_HAP,hap_sum
2017-05-12T06:18:44Z,0,0,4.21,0,0,4825e0db406045ae,ITAY_HAP,hap_sum
2017-05-12T06:17:39Z,0,0,4.21,0,0,4825e0db406045ae,ITAY_HAP,hap_sum
2017-05-12T06:16:43Z,0,0,4.21,0,0,4825e0db406045ae,ITAY_HAP,hap_sum
2017-05-12T06:15:44Z,0,0,4.22,0,0,4825e0db406045ae,ITAY_HAP,hap_sum
2017-05-12T06:14:43Z,0,0,4.22,0,0,4825e0db406045ae,ITAY_HAP,hap_sum
2017-05-12T06:14:19Z,0,0,4.21,0,0,4825e0db406045ae,ITAY_HAP,hap_sum
2017-05-12T06:12:43Z,0,0,4.21,0,0,4825e0db406045ae,ITAY_HAP,hap_sum
2017-05-12T06:11:44Z,0,0,4.21,0,0,4825e0db406045ae,ITAY_HAP,hap_sum
2017-05-12T06:10:44Z,0,0,4.21,0,0,4825e0db406045ae,ITAY_HAP,hap_sum
2017-05-12T06:09:45Z,0,0,4.21,0,0,4825e0db406045ae,ITAY_HAP,hap_sum
2017-05-12T06:08:43Z,0,0,4.21,0,0,4825e0db406045ae,ITAY_HAP,hap_sum
2017-05-12T06:07:42Z,0,0,4.21,0,0,4825e0db406045ae,ITAY_HAP,hap_sum
2017-05-12T06:06:42Z,0,0,4.21,0,0,4825e0db406045ae,ITAY_HAP,hap_sum
2017-05-12T06:05:44Z,0,0,4.21,0,0,4825e0db406045ae,ITAY_HAP,hap_sum
2017-05-12T06:04:43Z,0,0,4.21,0,0,4825e0db406045ae,ITAY_HAP,hap_sum
2017-05-12T06:03:44Z,0,0,4.21,0,0,4825e0db406045ae,ITAY_HAP,hap_sum
2017-05-12T06:02:42Z,0,0,4.21,0,0,4825e0db406045ae,ITAY_HAP,hap_sum
2017-05-12T06:01:43Z,0,0,4.21,0,0,4825e0db406045ae,ITAY_HAP,hap_sum
2017-05-12T06:00:46Z,0,0,4.21,0,0,4825e0db406045ae,ITAY_HAP,hap_sum
2017-05-12T05:59:42Z,0,0,4.21,0,0,4825e0db406045ae,ITAY_HAP,hap_sum
2017-05-12T05:58:44Z,0,0,4.21,0,0,4825e0db406045ae,ITAY_HAP,hap_sum
2017-05-12T05:57:45Z,0,0,4.21,0,0,4825e0db406045ae,ITAY_HAP,hap_sum
2017-05-12T05:56:43Z,0,0,4.21,0,0,4825e0db406045ae,ITAY_HAP,hap_sum
2017-05-12T05:55:43Z,0,0,4.21,0,0,4825e0db406045ae,ITAY_HAP,hap_sum
2017-05-12T05:54:43Z,0,0,4.2,0,0,4825e0db406045ae,ITAY_HAP,hap_sum
2017-05-12T05:53:39Z,0,0,4.2,0,0,4825e0db406045ae,ITAY_HAP,hap_sum
2017-05-12T05:52:40Z,0,0,4.21,0,0,4825e0db406045ae,ITAY_HAP,hap_sum
2017-05-12T05:51:39Z,0,0,4.21,0,0,4825e0db406045ae,ITAY_HAP,hap_sum
2017-05-12T05:50:42Z,0,0,4.21,0,0,4825e0db406045ae,ITAY_HAP,hap_sum
2017-05-12T05:49:44Z,0,0,4.21,0,0,4825e0db406045ae,ITAY_HAP,hap_sum
2017-05-12T05:48:43Z,0,0,4.22,0,0,4825e0db406045ae,ITAY_HAP,hap_sum
2017-05-12T05:47:44Z,0,0,4.21,0,0,4825e0db406045ae,ITAY_HAP,hap_sum
2017-05-12T05:46:44Z,0,0,4.22,0,0,4825e0db406045ae,ITAY_HAP,hap_sum
2017-05-12T05:45:43Z,0,0,4.21,0,0,4825e0db406045ae,ITAY_HAP,hap_sum
2017-05-12T05:44:44Z,0,0,4.21,0,0,4825e0db406045ae,ITAY_HAP,hap_sum
2017-05-12T05:43:44Z,0,0,4.21,0,0,4825e0db406045ae,ITAY_HAP,hap_sum
2017-05-12T05:42:42Z,0,0,4.21,0,0,4825e0db406045ae,ITAY_HAP,hap_sum
2017-05-12T05:41:39Z,0,0,4.22,0,0,4825e0db406045ae,ITAY_HAP,hap_sum
2017-05-12T05:40:42Z,0,0,4.22,0,0,4825e0db406045ae,ITAY_HAP,hap_sum
2017-05-12T05:39:42Z,0,0,4.22,0,0,4825e0db406045ae,ITAY_HAP,hap_sum
2017-05-12T05:38:43Z,0,0,4.22,0,0,4825e0db406045ae,ITAY_HAP,hap_sum
2017-05-12T05:37:44Z,0,0,4.22,0,0,4825e0db406045ae,ITAY_HAP,hap_sum
2017-05-12T05:36:43Z,0,0,4.22,0,0,4825e0db406045ae,ITAY_HAP,hap_sum
2017-05-12T05:35:44Z,0,0,4.22,0,0,4825e0db406045ae,ITAY_HAP,hap_sum
2017-05-12T05:34:43Z,0,0,4.22,0,0,4825e0db406045ae,ITAY_HAP,hap_sum
2017-05-12T05:33:42Z,0,0,4.21,0,0,4825e0db406045ae,ITAY_HAP,hap_sum
2017-05-12T05:32:43Z,0,0,4.22,0,0,4825e0db406045ae,ITAY_HAP,hap_sum
2017-05-12T05:31:42Z,0,0,4.21,0,0,4825e0db406045ae,ITAY_HAP,hap_sum
2017-05-12T05:30:39Z,0,0,4.22,0,0,4825e0db406045ae,ITAY_HAP,hap_sum
2017-05-12T05:29:44Z,0,0,4.22,0,0,4825e0db406045ae,ITAY_HAP,hap_sum
2017-05-12T05:28:42Z,0,0,4.22,0,0,4825e0db406045ae,ITAY_HAP,hap_sum
2017-05-12T05:27:44Z,0,0,4.22,0,0,4825e0db406045ae,ITAY_HAP,hap_sum
2017-05-12T05:26:42Z,0,0,4.22,0,0,4825e0db406045ae,ITAY_HAP,hap_sum
2017-05-12T05:25:43Z,0,0,4.22,0,0,4825e0db406045ae,ITAY_HAP,hap_sum
2017-05-12T05:24:42Z,0,0,4.22,0,0,4825e0db406045ae,ITAY_HAP,hap_sum
2017-05-12T05:23:43Z,0,0,4.21,0,0,4825e0db406045ae,ITAY_HAP,hap_sum
2017-05-12T05:22:39Z,0,0,4.22,0,0,4825e0db406045ae,ITAY_HAP,hap_sum
2017-05-12T05:21:43Z,0,0,4.22,0,0,4825e0db406045ae,ITAY_HAP,hap_sum
2017-05-12T05:20:42Z,0,0,4.22,0,0,4825e0db406045ae,ITAY_HAP,hap_sum
2017-05-12T05:19:44Z,0,0,4.22,0,0,4825e0db406045ae,ITAY_HAP,hap_sum
2017-05-12T05:18:43Z,0,0,4.21,0,0,4825e0db406045ae,ITAY_HAP,hap_sum
2017-05-12T05:17:39Z,0,0,4.22,0,0,4825e0db406045ae,ITAY_HAP,hap_sum
2017-05-12T05:16:43Z,0,0,4.22,0,0,4825e0db406045ae,ITAY_HAP,hap_sum
2017-05-12T05:15:41Z,0,0,4.22,0,0,4825e0db406045ae,ITAY_HAP,hap_sum
2017-05-12T05:14:43Z,0,0,4.22,0,0,4825e0db406045ae,ITAY_HAP,hap_sum
2017-05-12T05:13:44Z,0,0,4.22,0,0,4825e0db406045ae,ITAY_HAP,hap_sum
2017-05-12T05:12:44Z,0,0,4.22,0,0,4825e0db406045ae,ITAY_HAP,hap_sum
2017-05-12T05:11:39Z,0,0,4.22,0,0,4825e0db406045ae,ITAY_HAP,hap_sum
2017-05-12T05:10:43Z,0,0,4.22,0,0,4825e0db406045ae,ITAY_HAP,hap_sum
2017-05-12T05:09:44Z,0,0,4.22,0,0,4825e0db406045ae,ITAY_HAP,hap_sum
2017-05-12T05:08:42Z,0,0,4.22,0,0,4825e0db406045ae,ITAY_HAP,hap_sum
2017-05-12T05:07:42Z,0,0,4.22,0,0,4825e0db406045ae,ITAY_HAP,hap_sum
2017-05-12T05:06:42Z,0,0,4.22,0,0,4825e0db406045ae,ITAY_HAP,hap_sum
2017-05-12T05:05:43Z,0,0,4.22,0,0,4825e0db406045ae,ITAY_HAP,hap_sum
2017-05-12T05:04:42Z,0,0,4.22,0,0,4825e0db406045ae,ITAY_HAP,hap_sum
2017-05-12T05:03:42Z,0,0,4.22,0,0,4825e0db406045ae,ITAY_HAP,hap_sum
2017-05-12T05:02:44Z,0,0,4.22,0,0,4825e0db406045ae,ITAY_HAP,hap_sum
2017-05-12T05:01:44Z,0,0,4.22,0,0,4825e0db406045ae,ITAY_HAP,hap_sum
2017-05-12T05:00:44Z,0,0,4.22,0,0,4825e0db406045ae,ITAY_HAP,hap_sum
2017-05-12T04:59:42Z,0,0,4.22,0,0,4825e0db406045ae,ITAY_HAP,hap_sum
2017-05-12T04:58:44Z,0,0,4.22,0,0,4825e0db406045ae,ITAY_HAP,hap_sum
2017-05-12T04:57:42Z,0,0,4.22,0,0,4825e0db406045ae,ITAY_HAP,hap_sum
2017-05-12T04:56:44Z,0,0,4.22,0,0,4825e0db406045ae,ITAY_HAP,hap_sum
2017-05-12T04:55:44Z,0,0,4.22,0,0,4825e0db406045ae,ITAY_HAP,hap_sum
2017-05-12T04:54:43Z,0,0,4.22,0,0,4825e0db406045ae,ITAY_HAP,hap_sum
2017-05-12T04:53:42Z,0,0,4.22,0,0,4825e0db406045ae,ITAY_HAP,hap_sum
2017-05-12T04:52:44Z,0,0,4.22,0,0,4825e0db406045ae,ITAY_HAP,hap_sum
2017-05-12T04:51:44Z,0,0,4.22,0,0,4825e0db406045ae,ITAY_HAP,hap_sum
2017-05-12T04:50:42Z,0,0,4.22,0,0,4825e0db406045ae,ITAY_HAP,hap_sum
2017-05-12T04:49:42Z,0,0,4.22,0,0,4825e0db406045ae,ITAY_HAP,hap_sum
2017-05-12T04:48:43Z,0,0,4.22,0,0,4825e0db406045ae,ITAY_HAP,hap_sum
2017-05-12T04:47:42Z,0,0,4.23,0,0,4825e0db406045ae,ITAY_HAP,hap_sum
2017-05-12T04:46:43Z,0,0,4.23,0,0,4825e0db406045ae,ITAY_HAP,hap_sum
2017-05-12T04:46:22Z,0,0,4.22,0,0,4825e0db406045ae,ITAY_HAP,hap_sum
2017-05-12T04:44:43Z,0,0,4.22,0,0,4825e0db406045ae,ITAY_HAP,hap_sum
2017-05-12T04:43:44Z,0,0,4.22,0,0,4825e0db406045ae,ITAY_HAP,hap_sum
2017-05-12T04:42:42Z,0,0,4.22,0,0,4825e0db406045ae,ITAY_HAP,hap_sum
2017-05-12T04:41:42Z,0,0,4.22,0,0,4825e0db406045ae,ITAY_HAP,hap_sum
2017-05-12T04:40:44Z,0,0,4.22,0,0,4825e0db406045ae,ITAY_HAP,hap_sum
2017-05-12T04:39:42Z,0,0,4.22,0,0,4825e0db406045ae,ITAY_HAP,hap_sum
2017-05-12T04:38:44Z,0,0,4.22,0,0,4825e0db406045ae,ITAY_HAP,hap_sum
2017-05-12T04:37:43Z,0,0,4.22,0,0,4825e0db406045ae,ITAY_HAP,hap_sum
2017-05-12T04:36:44Z,0,0,4.22,0,0,4825e0db406045ae,ITAY_HAP,hap_sum
2017-05-12T04:35:44Z,0,0,4.22,0,0,4825e0db406045ae,ITAY_HAP,hap_sum
2017-05-12T04:34:42Z,0,0,4.22,0,0,4825e0db406045ae,ITAY_HAP,hap_sum
2017-05-12T04:33:42Z,0,0,4.22,0,0,4825e0db406045ae,ITAY_HAP,hap_sum
2017-05-12T04:32:42Z,0,0,4.22,0,0,4825e0db406045ae,ITAY_HAP,hap_sum
2017-05-12T04:31:42Z,0,0,4.22,0,0,4825e0db406045ae,ITAY_HAP,hap_sum
2017-05-12T04:30:43Z,0,0,4.22,0,0,4825e0db406045ae,ITAY_HAP,hap_sum
2017-05-12T04:29:44Z,0,0,4.22,0,0,4825e0db406045ae,ITAY_HAP,hap_sum
2017-05-12T04:28:42Z,0,0,4.22,0,0,4825e0db406045ae,ITAY_HAP,hap_sum
2017-05-12T04:27:42Z,0,0,4.22,0,0,4825e0db406045ae,ITAY_HAP,hap_sum
2017-05-12T04:26:43Z,0,0,4.22,0,0,4825e0db406045ae,ITAY_HAP,hap_sum
2017-05-12T04:25:44Z,0,0,4.22,0,0,4825e0db406045ae,ITAY_HAP,hap_sum
2017-05-12T04:24:43Z,0,0,4.22,0,0,4825e0db406045ae,ITAY_HAP,hap_sum
2017-05-12T04:23:39Z,0,0,4.22,0,0,4825e0db406045ae,ITAY_HAP,hap_sum
2017-05-12T04:22:44Z,0,0,4.22,0,0,4825e0db406045ae,ITAY_HAP,hap_sum
2017-05-12T04:21:42Z,0,0,4.22,0,0,4825e0db406045ae,ITAY_HAP,hap_sum
2017-05-12T04:20:43Z,0,0,4.22,0,0,4825e0db406045ae,ITAY_HAP,hap_sum
2017-05-12T04:19:44Z,0,0,4.23,0,0,4825e0db406045ae,ITAY_HAP,hap_sum
2017-05-12T04:18:42Z,0,0,4.22,0,0,4825e0db406045ae,ITAY_HAP,hap_sum
2017-05-12T04:17:42Z,0,0,4.22,0,0,4825e0db406045ae,ITAY_HAP,hap_sum
2017-05-12T04:16:42Z,0,0,4.22,0,0,4825e0db406045ae,ITAY_HAP,hap_sum
2017-05-12T04:15:44Z,0,0,4.22,0,0,4825e0db406045ae,ITAY_HAP,hap_sum
2017-05-12T04:14:42Z,0,0,4.22,0,0,4825e0db406045ae,ITAY_HAP,hap_sum
2017-05-12T04:13:42Z,0,0,4.22,0,0,4825e0db406045ae,ITAY_HAP,hap_sum
2017-05-12T04:12:40Z,0,0,4.22,0,0,4825e0db406045ae,ITAY_HAP,hap_sum
2017-05-12T04:11:43Z,0,0,4.22,0,0,4825e0db406045ae,ITAY_HAP,hap_sum
2017-05-12T04:10:43Z,0,0,4.22,0,0,4825e0db406045ae,ITAY_HAP,hap_sum
2017-05-12T04:09:39Z,0,0,4.22,0,0,4825e0db406045ae,ITAY_HAP,hap_sum
2017-05-12T04:08:43Z,0,0,4.22,0,0,4825e0db406045ae,ITAY_HAP,hap_sum
2017-05-12T04:07:44Z,0,0,4.23,0,0,4825e0db406045ae,ITAY_HAP,hap_sum
2017-05-12T04:06:42Z,0,0,4.22,0,0,4825e0db406045ae,ITAY_HAP,hap_sum
2017-05-12T04:05:42Z,0,0,4.23,0,0,4825e0db406045ae,ITAY_HAP,hap_sum
2017-05-12T04:04:42Z,0,0,4.23,0,0,4825e0db406045ae,ITAY_HAP,hap_sum
2017-05-12T04:03:42Z,0,0,4.22,0,0,4825e0db406045ae,ITAY_HAP,hap_sum
2017-05-12T04:02:43Z,0,0,4.22,0,0,4825e0db406045ae,ITAY_HAP,hap_sum
2017-05-12T04:01:39Z,0,0,4.23,0,0,4825e0db406045ae,ITAY_HAP,hap_sum
2017-05-12T04:00:44Z,0,0,4.23,0,0,4825e0db406045ae,ITAY_HAP,hap_sum
2017-05-12T03:59:45Z,0,0,4.23,0,0,4825e0db406045ae,ITAY_HAP,hap_sum
2017-05-12T03:58:42Z,0,0,4.23,0,0,4825e0db406045ae,ITAY_HAP,hap_sum
2017-05-12T03:58:13Z,0,0,4.23,0,0,4825e0db406045ae,ITAY_HAP,hap_sum
2017-05-12T03:56:44Z,0,0,4.22,0,0,4825e0db406045ae,ITAY_HAP,hap_sum
2017-05-12T03:55:43Z,0,0,4.22,0,0,4825e0db406045ae,ITAY_HAP,hap_sum
2017-05-12T03:54:42Z,0,0,4.22,0,0,4825e0db406045ae,ITAY_HAP,hap_sum
2017-05-12T03:53:41Z,0,0,4.22,0,0,4825e0db406045ae,ITAY_HAP,hap_sum
2017-05-12T03:52:44Z,0,0,4.22,0,0,4825e0db406045ae,ITAY_HAP,hap_sum
2017-05-12T03:51:42Z,0,0,4.22,0,0,4825e0db406045ae,ITAY_HAP,hap_sum
2017-05-12T03:50:39Z,0,0,4.23,0,0,4825e0db406045ae,ITAY_HAP,hap_sum
2017-05-12T03:49:44Z,0,0,4.23,0,0,4825e0db406045ae,ITAY_HAP,hap_sum
2017-05-12T03:48:45Z,0,0,4.22,0,0,4825e0db406045ae,ITAY_HAP,hap_sum
2017-05-12T03:47:42Z,0,0,4.23,0,0,4825e0db406045ae,ITAY_HAP,hap_sum
2017-05-12T03:46:43Z,0,0,4.22,0,0,4825e0db406045ae,ITAY_HAP,hap_sum
2017-05-12T03:45:44Z,0,0,4.22,0,0,4825e0db406045ae,ITAY_HAP,hap_sum
2017-05-12T03:44:44Z,0,0,4.23,0,0,4825e0db406045ae,ITAY_HAP,hap_sum
2017-05-12T03:43:42Z,0,0,4.22,0,0,4825e0db406045ae,ITAY_HAP,hap_sum
2017-05-12T03:42:44Z,0,0,4.23,0,0,4825e0db406045ae,ITAY_HAP,hap_sum
2017-05-12T03:41:42Z,0,0,4.22,0,0,4825e0db406045ae,ITAY_HAP,hap_sum
2017-05-12T03:40:44Z,0,0,4.22,0,0,4825e0db406045ae,ITAY_HAP,hap_sum
2017-05-12T03:39:42Z,0,0,4.22,0,0,4825e0db406045ae,ITAY_HAP,hap_sum
2017-05-12T03:38:42Z,0,0,4.22,0,0,4825e0db406045ae,ITAY_HAP,hap_sum
2017-05-12T03:37:42Z,0,0,4.22,0,0,4825e0db406045ae,ITAY_HAP,hap_sum
2017-05-12T03:36:39Z,0,0,4.22,0,0,4825e0db406045ae,ITAY_HAP,hap_sum
2017-05-12T03:35:45Z,0,0,4.22,0,0,4825e0db406045ae,ITAY_HAP,hap_sum
2017-05-12T03:34:43Z,0,0,4.22,0,0,4825e0db406045ae,ITAY_HAP,hap_sum
2017-05-12T03:33:44Z,0,0,4.22,0,0,4825e0db406045ae,ITAY_HAP,hap_sum
2017-05-12T03:32:42Z,0,0,4.22,0,0,4825e0db406045ae,ITAY_HAP,hap_sum
2017-05-12T03:31:42Z,0,0,4.22,0,0,4825e0db406045ae,ITAY_HAP,hap_sum
2017-05-12T03:30:42Z,0,0,4.23,0,0,4825e0db406045ae,ITAY_HAP,hap_sum
2017-05-12T03:29:42Z,0,0,4.23,0,0,4825e0db406045ae,ITAY_HAP,hap_sum
2017-05-12T03:28:44Z,0,0,4.24,0,0,4825e0db406045ae,ITAY_HAP,hap_sum
2017-05-12T03:28:23Z,0,0,4.23,0,0,4825e0db406045ae,ITAY_HAP,hap_sum
2017-05-12T03:26:42Z,0,0,4.23,0,0,4825e0db406045ae,ITAY_HAP,hap_sum
2017-05-12T03:25:44Z,0,0,4.23,0,0,4825e0db406045ae,ITAY_HAP,hap_sum
2017-05-12T03:25:19Z,0,0,4.22,0,0,4825e0db406045ae,ITAY_HAP,hap_sum
2017-05-12T03:23:43Z,0,0,4.22,0,0,4825e0db406045ae,ITAY_HAP,hap_sum
2017-05-12T03:22:42Z,0,0,4.22,0,0,4825e0db406045ae,ITAY_HAP,hap_sum
2017-05-12T03:21:43Z,0,0,4.22,0,0,4825e0db406045ae,ITAY_HAP,hap_sum
2017-05-12T03:20:39Z,0,0,4.22,0,0,4825e0db406045ae,ITAY_HAP,hap_sum
2017-05-12T03:19:43Z,0,0,4.22,0,0,4825e0db406045ae,ITAY_HAP,hap_sum
2017-05-12T03:18:41Z,0,0,4.22,0,0,4825e0db406045ae,ITAY_HAP,hap_sum
2017-05-12T03:17:43Z,0,0,4.22,0,0,4825e0db406045ae,ITAY_HAP,hap_sum
2017-05-12T03:16:39Z,0,0,4.22,0,0,4825e0db406045ae,ITAY_HAP,hap_sum
2017-05-12T03:15:43Z,0,0,4.22,0,0,4825e0db406045ae,ITAY_HAP,hap_sum
2017-05-12T03:14:39Z,0,0,4.22,0,0,4825e0db406045ae,ITAY_HAP,hap_sum
2017-05-12T03:13:39Z,0,0,4.23,0,0,4825e0db406045ae,ITAY_HAP,hap_sum
2017-05-12T03:12:43Z,0,0,4.23,0,0,4825e0db406045ae,ITAY_HAP,hap_sum
2017-05-12T03:11:43Z,0,0,4.23,0,0,4825e0db406045ae,ITAY_HAP,hap_sum
2017-05-12T03:10:42Z,0,0,4.23,0,0,4825e0db406045ae,ITAY_HAP,hap_sum
2017-05-12T03:09:43Z,0,0,4.23,0,0,4825e0db406045ae,ITAY_HAP,hap_sum
2017-05-12T03:08:42Z,0,0,4.23,0,0,4825e0db406045ae,ITAY_HAP,hap_sum
2017-05-12T03:07:42Z,0,0,4.23,0,0,4825e0db406045ae,ITAY_HAP,hap_sum
2017-05-12T03:06:42Z,0,0,4.22,0,0,4825e0db406045ae,ITAY_HAP,hap_sum
2017-05-12T03:05:41Z,0,0,4.23,0,0,4825e0db406045ae,ITAY_HAP,hap_sum
2017-05-12T03:04:43Z,0,0,4.23,0,0,4825e0db406045ae,ITAY_HAP,hap_sum
2017-05-12T03:03:43Z,0,0,4.23,0,0,4825e0db406045ae,ITAY_HAP,hap_sum
2017-05-12T03:02:43Z,0,0,4.23,0,0,4825e0db406045ae,ITAY_HAP,hap_sum
2017-05-12T03:01:42Z,0,0,4.23,0,0,4825e0db406045ae,ITAY_HAP,hap_sum
2017-05-12T03:00:42Z,0,0,4.23,0,0,4825e0db406045ae,ITAY_HAP,hap_sum
2017-05-12T02:59:42Z,0,0,4.23,0,0,4825e0db406045ae,ITAY_HAP,hap_sum
2017-05-12T02:58:44Z,0,0,4.23,0,0,4825e0db406045ae,ITAY_HAP,hap_sum
2017-05-12T02:57:42Z,0,0,4.23,0,0,4825e0db406045ae,ITAY_HAP,hap_sum
2017-05-12T02:56:41Z,0,0,4.22,0,0,4825e0db406045ae,ITAY_HAP,hap_sum
2017-05-12T02:55:40Z,0,0,4.23,0,0,4825e0db406045ae,ITAY_HAP,hap_sum
2017-05-12T02:54:43Z,0,0,4.23,0,0,4825e0db406045ae,ITAY_HAP,hap_sum
2017-05-12T02:53:42Z,0,0,4.22,0,0,4825e0db406045ae,ITAY_HAP,hap_sum
2017-05-12T02:52:40Z,0,0,4.23,0,0,4825e0db406045ae,ITAY_HAP,hap_sum
2017-05-12T02:51:43Z,0,0,4.23,0,0,4825e0db406045ae,ITAY_HAP,hap_sum
2017-05-12T02:50:43Z,0,0,4.23,0,0,4825e0db406045ae,ITAY_HAP,hap_sum
2017-05-12T02:49:42Z,0,0,4.23,0,0,4825e0db406045ae,ITAY_HAP,hap_sum
2017-05-12T02:48:41Z,0,0,4.23,0,0,4825e0db406045ae,ITAY_HAP,hap_sum
2017-05-12T02:47:43Z,0,0,4.23,0,0,4825e0db406045ae,ITAY_HAP,hap_sum
2017-05-12T02:46:44Z,0,0,4.23,0,0,4825e0db406045ae,ITAY_HAP,hap_sum
2017-05-12T02:45:43Z,0,0,4.23,0,0,4825e0db406045ae,ITAY_HAP,hap_sum
2017-05-12T02:44:42Z,0,0,4.23,0,0,4825e0db406045ae,ITAY_HAP,hap_sum
2017-05-12T02:43:43Z,0,0,4.23,0,0,4825e0db406045ae,ITAY_HAP,hap_sum
2017-05-12T02:42:42Z,0,0,4.23,0,0,4825e0db406045ae,ITAY_HAP,hap_sum
2017-05-12T02:41:41Z,0,0,4.23,0,0,4825e0db406045ae,ITAY_HAP,hap_sum
2017-05-12T02:40:43Z,0,0,4.22,0,0,4825e0db406045ae,ITAY_HAP,hap_sum
2017-05-12T02:39:40Z,0,0,4.23,0,0,4825e0db406045ae,ITAY_HAP,hap_sum
2017-05-12T02:38:44Z,0,0,4.23,0,0,4825e0db406045ae,ITAY_HAP,hap_sum
2017-05-12T02:37:42Z,0,0,4.23,0,0,4825e0db406045ae,ITAY_HAP,hap_sum
2017-05-12T02:36:43Z,0,0,4.23,0,0,4825e0db406045ae,ITAY_HAP,hap_sum
2017-05-12T02:35:43Z,0,0,4.23,0,0,4825e0db406045ae,ITAY_HAP,hap_sum
2017-05-12T02:34:41Z,0,0,4.23,0,0,4825e0db406045ae,ITAY_HAP,hap_sum
2017-05-12T02:33:42Z,0,0,4.23,0,0,4825e0db406045ae,ITAY_HAP,hap_sum
2017-05-12T02:32:44Z,0,0,4.23,0,0,4825e0db406045ae,ITAY_HAP,hap_sum
2017-05-12T02:31:42Z,0,0,4.23,0,0,4825e0db406045ae,ITAY_HAP,hap_sum
2017-05-12T02:30:42Z,0,0,4.23,0,0,4825e0db406045ae,ITAY_HAP,hap_sum
2017-05-12T02:29:43Z,0,0,4.23,0,0,4825e0db406045ae,ITAY_HAP,hap_sum
2017-05-12T02:28:44Z,0,0,4.23,0,0,4825e0db406045ae,ITAY_HAP,hap_sum
2017-05-12T02:27:41Z,0,0,4.23,0,0,4825e0db406045ae,ITAY_HAP,hap_sum
2017-05-12T02:26:42Z,0,0,4.23,0,0,4825e0db406045ae,ITAY_HAP,hap_sum
2017-05-12T02:25:44Z,0,0,4.22,0,0,4825e0db406045ae,ITAY_HAP,hap_sum
2017-05-12T02:24:43Z,0,0,4.22,0,0,4825e0db406045ae,ITAY_HAP,hap_sum
2017-05-12T02:23:39Z,0,0,4.22,0,0,4825e0db406045ae,ITAY_HAP,hap_sum
2017-05-12T02:22:39Z,0,0,4.22,0,0,4825e0db406045ae,ITAY_HAP,hap_sum
2017-05-12T02:21:39Z,0,0,4.22,0,0,4825e0db406045ae,ITAY_HAP,hap_sum
2017-05-12T02:20:43Z,0,0,4.23,0,0,4825e0db406045ae,ITAY_HAP,hap_sum
2017-05-12T02:19:43Z,0,0,4.23,0,0,4825e0db406045ae,ITAY_HAP,hap_sum
2017-05-12T02:18:42Z,0,0,4.22,0,0,4825e0db406045ae,ITAY_HAP,hap_sum
2017-05-12T02:17:44Z,0,0,4.23,0,0,4825e0db406045ae,ITAY_HAP,hap_sum
2017-05-12T02:16:42Z,0,0,4.22,0,0,4825e0db406045ae,ITAY_HAP,hap_sum
2017-05-12T02:15:40Z,0,0,4.23,0,0,4825e0db406045ae,ITAY_HAP,hap_sum
2017-05-12T02:14:41Z,0,0,4.23,0,0,4825e0db406045ae,ITAY_HAP,hap_sum
2017-05-12T02:14:20Z,0,0,4.23,0,0,4825e0db406045ae,ITAY_HAP,hap_sum
2017-05-12T02:12:41Z,0,0,4.23,0,0,4825e0db406045ae,ITAY_HAP,hap_sum
2017-05-12T02:11:42Z,0,0,4.23,0,0,4825e0db406045ae,ITAY_HAP,hap_sum
2017-05-12T02:10:42Z,0,0,4.22,0,0,4825e0db406045ae,ITAY_HAP,hap_sum
2017-05-12T02:09:42Z,0,0,4.23,0,0,4825e0db406045ae,ITAY_HAP,hap_sum
2017-05-12T02:08:43Z,0,0,4.23,0,0,4825e0db406045ae,ITAY_HAP,hap_sum
2017-05-12T02:07:42Z,0,0,4.23,0,0,4825e0db406045ae,ITAY_HAP,hap_sum
2017-05-12T02:06:44Z,0,0,4.22,0,0,4825e0db406045ae,ITAY_HAP,hap_sum
2017-05-12T02:05:43Z,0,0,4.23,0,0,4825e0db406045ae,ITAY_HAP,hap_sum
2017-05-12T02:04:42Z,0,0,4.22,0,0,4825e0db406045ae,ITAY_HAP,hap_sum
2017-05-12T02:03:42Z,0,0,4.22,0,0,4825e0db406045ae,ITAY_HAP,hap_sum
2017-05-12T02:02:40Z,0,0,4.23,0,0,4825e0db406045ae,ITAY_HAP,hap_sum
2017-05-12T02:01:43Z,0,0,4.22,0,0,4825e0db406045ae,ITAY_HAP,hap_sum
2017-05-12T02:00:39Z,0,0,4.23,0,0,4825e0db406045ae,ITAY_HAP,hap_sum
2017-05-12T01:59:44Z,0,0,4.23,0,0,4825e0db406045ae,ITAY_HAP,hap_sum
2017-05-12T01:58:42Z,0,0,4.22,0,0,4825e0db406045ae,ITAY_HAP,hap_sum
2017-05-12T01:57:41Z,0,0,4.22,0,0,4825e0db406045ae,ITAY_HAP,hap_sum
2017-05-12T01:56:44Z,0,0,4.22,0,0,4825e0db406045ae,ITAY_HAP,hap_sum
2017-05-12T01:55:44Z,0,0,4.23,0,0,4825e0db406045ae,ITAY_HAP,hap_sum
2017-05-12T01:54:43Z,0,0,4.22,0,0,4825e0db406045ae,ITAY_HAP,hap_sum
2017-05-12T01:53:44Z,0,0,4.22,0,0,4825e0db406045ae,ITAY_HAP,hap_sum
2017-05-12T01:52:41Z,0,0,4.23,0,0,4825e0db406045ae,ITAY_HAP,hap_sum
2017-05-12T01:52:22Z,0,0,4.22,0,0,4825e0db406045ae,ITAY_HAP,hap_sum
2017-05-12T01:50:44Z,0,0,4.22,0,0,4825e0db406045ae,ITAY_HAP,hap_sum
2017-05-12T01:49:43Z,0,0,4.22,0,0,4825e0db406045ae,ITAY_HAP,hap_sum
2017-05-12T01:48:43Z,0,0,4.22,0,0,4825e0db406045ae,ITAY_HAP,hap_sum
2017-05-12T01:47:42Z,0,0,4.22,0,0,4825e0db406045ae,ITAY_HAP,hap_sum
2017-05-12T01:46:43Z,0,0,4.22,0,0,4825e0db406045ae,ITAY_HAP,hap_sum
2017-05-12T01:45:45Z,0,0,4.22,0,0,4825e0db406045ae,ITAY_HAP,hap_sum
2017-05-12T01:44:45Z,0,0,4.22,0,0,4825e0db406045ae,ITAY_HAP,hap_sum
2017-05-12T01:43:42Z,0,0,4.22,0,0,4825e0db406045ae,ITAY_HAP,hap_sum
2017-05-12T01:42:41Z,0,0,4.22,0,0,4825e0db406045ae,ITAY_HAP,hap_sum
2017-05-12T01:41:39Z,0,0,4.22,0,0,4825e0db406045ae,ITAY_HAP,hap_sum
2017-05-12T01:40:43Z,0,0,4.22,0,0,4825e0db406045ae,ITAY_HAP,hap_sum
2017-05-12T01:39:42Z,0,0,4.22,0,0,4825e0db406045ae,ITAY_HAP,hap_sum
2017-05-12T01:38:42Z,0,0,4.22,0,0,4825e0db406045ae,ITAY_HAP,hap_sum
2017-05-12T01:37:42Z,0,0,4.22,0,0,4825e0db406045ae,ITAY_HAP,hap_sum
2017-05-12T01:36:44Z,0,0,4.23,0,0,4825e0db406045ae,ITAY_HAP,hap_sum
2017-05-12T01:36:20Z,0,0,4.22,0,0,4825e0db406045ae,ITAY_HAP,hap_sum
2017-05-12T01:34:42Z,0,0,4.22,0,0,4825e0db406045ae,ITAY_HAP,hap_sum
2017-05-12T01:33:42Z,0,0,4.22,0,0,4825e0db406045ae,ITAY_HAP,hap_sum
2017-05-12T01:32:43Z,0,0,4.22,0,0,4825e0db406045ae,ITAY_HAP,hap_sum
2017-05-12T01:31:42Z,0,0,4.22,0,0,4825e0db406045ae,ITAY_HAP,hap_sum
2017-05-12T01:30:43Z,0,0,4.22,0,0,4825e0db406045ae,ITAY_HAP,hap_sum
2017-05-12T01:29:42Z,0,0,4.22,0,0,4825e0db406045ae,ITAY_HAP,hap_sum
2017-05-12T01:28:42Z,0,0,4.22,0,0,4825e0db406045ae,ITAY_HAP,hap_sum
2017-05-12T01:27:42Z,0,0,4.21,0,0,4825e0db406045ae,ITAY_HAP,hap_sum
2017-05-12T01:26:39Z,0,0,4.22,0,0,4825e0db406045ae,ITAY_HAP,hap_sum
2017-05-12T01:25:43Z,0,0,4.22,0,0,4825e0db406045ae,ITAY_HAP,hap_sum
2017-05-12T01:24:42Z,0,0,4.22,0,0,4825e0db406045ae,ITAY_HAP,hap_sum
2017-05-12T01:23:43Z,0,0,4.23,0,0,4825e0db406045ae,ITAY_HAP,hap_sum
2017-05-12T01:23:21Z,0,0,4.21,0,0,4825e0db406045ae,ITAY_HAP,hap_sum
2017-05-12T01:21:42Z,0,0,4.22,0,0,4825e0db406045ae,ITAY_HAP,hap_sum
2017-05-12T01:20:42Z,0,0,4.21,0,0,4825e0db406045ae,ITAY_HAP,hap_sum
2017-05-12T01:19:43Z,0,0,4.21,0,0,4825e0db406045ae,ITAY_HAP,hap_sum
2017-05-12T01:18:43Z,0,0,4.21,0,0,4825e0db406045ae,ITAY_HAP,hap_sum
2017-05-12T01:17:42Z,0,0,4.21,0,0,4825e0db406045ae,ITAY_HAP,hap_sum
2017-05-12T01:16:39Z,0,0,4.21,0,0,4825e0db406045ae,ITAY_HAP,hap_sum
2017-05-12T01:15:44Z,0,0,4.21,0,0,4825e0db406045ae,ITAY_HAP,hap_sum
2017-05-12T01:14:42Z,0,0,4.21,0,0,4825e0db406045ae,ITAY_HAP,hap_sum
2017-05-12T01:14:11Z,0,0,4.21,0,0,4825e0db406045ae,ITAY_HAP,hap_sum
2017-05-12T01:12:43Z,0,0,4.21,0,0,4825e0db406045ae,ITAY_HAP,hap_sum
2017-05-12T01:11:43Z,0,0,4.21,0,0,4825e0db406045ae,ITAY_HAP,hap_sum
2017-05-12T01:10:43Z,0,0,4.21,0,0,4825e0db406045ae,ITAY_HAP,hap_sum
2017-05-12T01:09:41Z,0,0,4.21,0,0,4825e0db406045ae,ITAY_HAP,hap_sum
2017-05-12T01:08:43Z,0,0,4.22,0,0,4825e0db406045ae,ITAY_HAP,hap_sum
2017-05-12T01:08:23Z,0,0,4.2,0,0,4825e0db406045ae,ITAY_HAP,hap_sum
2017-05-12T01:06:44Z,0,0,4.21,0,0,4825e0db406045ae,ITAY_HAP,hap_sum
2017-05-12T01:05:53Z,0,0,4.22,0,0,4825e0db406045ae,ITAY_HAP,hap_sum
2017-05-12T01:05:32Z,0,0,4.21,0,0,4825e0db406045ae,ITAY_HAP,hap_sum
2017-05-12T01:04:29Z,0,0,4.19,0,0,4825e0db406045ae,ITAY_HAP,hap_sum
2017-05-12T01:02:39Z,0,0,4.2,0,0,4825e0db406045ae,ITAY_HAP,hap_sum
2017-05-12T01:01:41Z,0,0,4.2,0,0,4825e0db406045ae,ITAY_HAP,hap_sum
2017-05-12T01:00:41Z,0,0,4.21,0,0,4825e0db406045ae,ITAY_HAP,hap_sum
2017-05-12T00:59:56Z,0,0,4.22,0,0,4825e0db406045ae,ITAY_HAP,hap_sum
2017-05-12T00:59:35Z,0,0,4.21,0,0,4825e0db406045ae,ITAY_HAP,hap_sum
2017-05-12T00:58:28Z,0,0,4.2,0,0,4825e0db406045ae,ITAY_HAP,hap_sum
2017-05-12T00:56:44Z,0,0,4.2,0,0,4825e0db406045ae,ITAY_HAP,hap_sum
2017-05-12T00:55:41Z,0,0,4.22,0,0,4825e0db406045ae,ITAY_HAP,hap_sum
2017-05-12T00:55:23Z,0,0,4.21,0,0,4825e0db406045ae,ITAY_HAP,hap_sum
2017-05-12T00:54:22Z,0,0,4.19,0,0,4825e0db406045ae,ITAY_HAP,hap_sum
2017-05-12T00:52:40Z,0,0,4.19,0,0,4825e0db406045ae,ITAY_HAP,hap_sum
2017-05-12T00:51:38Z,0,0,4.2,0,0,4825e0db406045ae,ITAY_HAP,hap_sum
2017-05-12T00:50:42Z,0,0,4.2,0,0,4825e0db406045ae,ITAY_HAP,hap_sum
2017-05-12T00:49:42Z,0,0,4.2,0,0,4825e0db406045ae,ITAY_HAP,hap_sum
2017-05-12T00:48:41Z,0,0,4.2,0,0,4825e0db406045ae,ITAY_HAP,hap_sum
2017-05-12T00:47:42Z,0,0,4.2,0,0,4825e0db406045ae,ITAY_HAP,hap_sum
2017-05-12T00:46:42Z,0,0,4.2,0,0,4825e0db406045ae,ITAY_HAP,hap_sum
2017-05-12T00:45:45Z,0,0,4.2,0,0,4825e0db406045ae,ITAY_HAP,hap_sum
2017-05-12T00:44:43Z,0,0,4.2,0,0,4825e0db406045ae,ITAY_HAP,hap_sum
2017-05-12T00:43:42Z,0,0,4.2,0,0,4825e0db406045ae,ITAY_HAP,hap_sum
2017-05-12T00:42:42Z,0,0,4.2,0,0,4825e0db406045ae,ITAY_HAP,hap_sum
2017-05-12T00:41:42Z,0,0,4.2,0,0,4825e0db406045ae,ITAY_HAP,hap_sum
2017-05-12T00:40:41Z,0,0,4.2,0,0,4825e0db406045ae,ITAY_HAP,hap_sum
2017-05-12T00:39:42Z,0,0,4.2,0,0,4825e0db406045ae,ITAY_HAP,hap_sum
2017-05-12T00:38:43Z,0,0,4.2,0,0,4825e0db406045ae,ITAY_HAP,hap_sum
2017-05-12T00:37:43Z,0,0,4.2,0,0,4825e0db406045ae,ITAY_HAP,hap_sum
2017-05-12T00:36:41Z,0,0,4.2,0,0,4825e0db406045ae,ITAY_HAP,hap_sum
2017-05-12T00:36:20Z,0,0,4.19,0,0,4825e0db406045ae,ITAY_HAP,hap_sum
2017-05-12T00:34:39Z,0,0,4.2,0,0,4825e0db406045ae,ITAY_HAP,hap_sum
2017-05-12T00:33:42Z,0,0,4.19,0,0,4825e0db406045ae,ITAY_HAP,hap_sum
2017-05-12T00:32:38Z,0,0,4.2,0,0,4825e0db406045ae,ITAY_HAP,hap_sum
2017-05-12T00:31:43Z,0,0,4.2,0,0,4825e0db406045ae,ITAY_HAP,hap_sum
2017-05-12T00:30:41Z,0,0,4.2,0,0,4825e0db406045ae,ITAY_HAP,hap_sum
2017-05-12T00:29:42Z,0,0,4.2,0,0,4825e0db406045ae,ITAY_HAP,hap_sum
2017-05-12T00:28:40Z,0,0,4.2,0,0,4825e0db406045ae,ITAY_HAP,hap_sum
2017-05-12T00:27:42Z,0,0,4.2,0,0,4825e0db406045ae,ITAY_HAP,hap_sum
2017-05-12T00:26:41Z,0,0,4.2,0,0,4825e0db406045ae,ITAY_HAP,hap_sum
2017-05-12T00:25:39Z,0,0,4.2,0,0,4825e0db406045ae,ITAY_HAP,hap_sum
2017-05-12T00:24:45Z,0,0,4.2,0,0,4825e0db406045ae,ITAY_HAP,hap_sum
2017-05-12T00:23:43Z,0,0,4.2,0,0,4825e0db406045ae,ITAY_HAP,hap_sum
2017-05-12T00:22:42Z,0,0,4.2,0,0,4825e0db406045ae,ITAY_HAP,hap_sum
2017-05-12T00:21:39Z,0,0,4.21,0,0,4825e0db406045ae,ITAY_HAP,hap_sum
2017-05-12T00:21:20Z,0,0,4.2,0,0,4825e0db406045ae,ITAY_HAP,hap_sum
2017-05-12T00:19:42Z,0,0,4.2,0,0,4825e0db406045ae,ITAY_HAP,hap_sum
2017-05-12T00:18:42Z,0,0,4.2,0,0,4825e0db406045ae,ITAY_HAP,hap_sum
2017-05-12T00:17:40Z,0,0,4.21,0,0,4825e0db406045ae,ITAY_HAP,hap_sum
2017-05-12T00:16:43Z,0,0,4.2,0,0,4825e0db406045ae,ITAY_HAP,hap_sum
2017-05-12T00:15:41Z,0,0,4.19,0,0,4825e0db406045ae,ITAY_HAP,hap_sum
2017-05-12T00:14:40Z,0,0,4.19,0,0,4825e0db406045ae,ITAY_HAP,hap_sum
2017-05-12T00:13:39Z,0,0,4.2,0,0,4825e0db406045ae,ITAY_HAP,hap_sum
2017-05-12T00:12:40Z,0,0,4.2,0,0,4825e0db406045ae,ITAY_HAP,hap_sum
2017-05-12T00:11:39Z,0,0,4.2,0,0,4825e0db406045ae,ITAY_HAP,hap_sum
2017-05-12T00:10:38Z,0,0,4.2,0,0,4825e0db406045ae,ITAY_HAP,hap_sum
2017-05-12T00:09:39Z,0,0,4.21,0,0,4825e0db406045ae,ITAY_HAP,hap_sum
2017-05-12T00:08:41Z,0,0,4.2,0,0,4825e0db406045ae,ITAY_HAP,hap_sum
2017-05-12T00:07:39Z,0,0,4.2,0,0,4825e0db406045ae,ITAY_HAP,hap_sum
2017-05-12T00:06:39Z,0,0,4.21,0,0,4825e0db406045ae,ITAY_HAP,hap_sum
2017-05-12T00:05:43Z,0,0,4.21,0,0,4825e0db406045ae,ITAY_HAP,hap_sum
2017-05-12T00:04:41Z,0,0,4.21,0,0,4825e0db406045ae,ITAY_HAP,hap_sum
2017-05-12T00:03:42Z,0,0,4.21,0,0,4825e0db406045ae,ITAY_HAP,hap_sum
2017-05-12T00:02:41Z,0,0,4.21,0,0,4825e0db406045ae,ITAY_HAP,hap_sum
2017-05-12T00:01:42Z,0,0,4.21,0,0,4825e0db406045ae,ITAY_HAP,hap_sum
2017-05-12T00:00:39Z,0,0,4.21,0,0,4825e0db406045ae,ITAY_HAP,hap_sum
2017-05-11T23:59:41Z,0,0,4.21,0,0,4825e0db406045ae,ITAY_HAP,hap_sum
2017-05-11T23:58:42Z,0,0,4.21,0,0,4825e0db406045ae,ITAY_HAP,hap_sum
2017-05-11T23:57:39Z,0,0,4.21,0,0,4825e0db406045ae,ITAY_HAP,hap_sum
2017-05-11T23:56:42Z,0,0,4.21,0,0,4825e0db406045ae,ITAY_HAP,hap_sum
2017-05-11T23:55:41Z,0,0,4.21,0,0,4825e0db406045ae,ITAY_HAP,hap_sum
2017-05-11T23:54:41Z,0,0,4.21,0,0,4825e0db406045ae,ITAY_HAP,hap_sum
2017-05-11T23:53:41Z,0,0,4.21,0,0,4825e0db406045ae,ITAY_HAP,hap_sum
2017-05-11T23:52:41Z,0,0,4.21,0,0,4825e0db406045ae,ITAY_HAP,hap_sum
2017-05-11T23:51:43Z,0,0,4.21,0,0,4825e0db406045ae,ITAY_HAP,hap_sum
2017-05-11T23:50:41Z,0,0,4.21,0,0,4825e0db406045ae,ITAY_HAP,hap_sum
2017-05-11T23:49:42Z,0,0,4.21,0,0,4825e0db406045ae,ITAY_HAP,hap_sum
2017-05-11T23:48:39Z,0,0,4.21,0,0,4825e0db406045ae,ITAY_HAP,hap_sum
2017-05-11T23:47:38Z,0,0,4.22,0,0,4825e0db406045ae,ITAY_HAP,hap_sum
2017-05-11T23:47:20Z,0,0,4.21,0,0,4825e0db406045ae,ITAY_HAP,hap_sum
2017-05-11T23:45:39Z,0,0,4.21,0,0,4825e0db406045ae,ITAY_HAP,hap_sum
2017-05-11T23:44:40Z,0,0,4.21,0,0,4825e0db406045ae,ITAY_HAP,hap_sum
2017-05-11T23:43:38Z,0,0,4.22,0,0,4825e0db406045ae,ITAY_HAP,hap_sum
2017-05-11T23:42:42Z,0,0,4.22,0,0,4825e0db406045ae,ITAY_HAP,hap_sum
2017-05-11T23:41:39Z,0,0,4.22,0,0,4825e0db406045ae,ITAY_HAP,hap_sum
2017-05-11T23:41:19Z,0,0,4.22,0,0,4825e0db406045ae,ITAY_HAP,hap_sum
2017-05-11T23:39:38Z,0,0,4.22,0,0,4825e0db406045ae,ITAY_HAP,hap_sum
2017-05-11T23:38:41Z,0,0,4.22,0,0,4825e0db406045ae,ITAY_HAP,hap_sum
2017-05-11T23:38:20Z,0,0,4.23,0,0,4825e0db406045ae,ITAY_HAP,hap_sum
2017-05-11T23:38:02Z,0,0,4.23,0,0,4825e0db406045ae,ITAY_HAP,hap_sum
2017-05-11T23:36:22Z,0,0,4.21,0,0,4825e0db406045ae,ITAY_HAP,hap_sum
2017-05-11T23:34:42Z,0,0,4.21,0,0,4825e0db406045ae,ITAY_HAP,hap_sum
2017-05-11T23:33:39Z,0,0,4.21,0,0,4825e0db406045ae,ITAY_HAP,hap_sum
2017-05-11T23:32:39Z,0,0,4.21,0,0,4825e0db406045ae,ITAY_HAP,hap_sum
2017-05-11T23:31:39Z,0,0,4.22,0,0,4825e0db406045ae,ITAY_HAP,hap_sum
2017-05-11T23:30:40Z,0,0,4.23,0,0,4825e0db406045ae,ITAY_HAP,hap_sum
2017-05-11T23:30:21Z,0,0,4.22,0,0,4825e0db406045ae,ITAY_HAP,hap_sum
2017-05-11T23:28:44Z,0,0,4.21,0,0,4825e0db406045ae,ITAY_HAP,hap_sum
2017-05-11T23:27:40Z,0,0,4.22,0,0,4825e0db406045ae,ITAY_HAP,hap_sum
2017-05-11T23:26:41Z,0,0,4.22,0,0,4825e0db406045ae,ITAY_HAP,hap_sum
2017-05-11T23:25:43Z,0,0,4.21,0,0,4825e0db406045ae,ITAY_HAP,hap_sum
2017-05-11T23:24:38Z,0,0,4.22,0,0,4825e0db406045ae,ITAY_HAP,hap_sum
2017-05-11T23:23:41Z,0,0,4.21,0,0,4825e0db406045ae,ITAY_HAP,hap_sum
2017-05-11T23:22:38Z,0,0,4.22,0,0,4825e0db406045ae,ITAY_HAP,hap_sum
2017-05-11T23:21:42Z,0,0,4.22,0,0,4825e0db406045ae,ITAY_HAP,hap_sum
2017-05-11T23:20:42Z,0,0,4.22,0,0,4825e0db406045ae,ITAY_HAP,hap_sum
2017-05-11T23:19:41Z,0,0,4.21,0,0,4825e0db406045ae,ITAY_HAP,hap_sum
2017-05-11T23:18:39Z,0,0,4.22,0,0,4825e0db406045ae,ITAY_HAP,hap_sum
2017-05-11T23:17:41Z,0,0,4.22,0,0,4825e0db406045ae,ITAY_HAP,hap_sum
2017-05-11T23:16:42Z,0,0,4.22,0,0,4825e0db406045ae,ITAY_HAP,hap_sum
2017-05-11T23:15:41Z,0,0,4.22,0,0,4825e0db406045ae,ITAY_HAP,hap_sum
2017-05-11T23:14:42Z,0,0,4.22,0,0,4825e0db406045ae,ITAY_HAP,hap_sum
2017-05-11T23:13:42Z,0,0,4.23,0,0,4825e0db406045ae,ITAY_HAP,hap_sum
2017-05-11T23:12:41Z,0,0,4.23,0,0,4825e0db406045ae,ITAY_HAP,hap_sum
2017-05-11T23:12:20Z,0,0,4.22,0,0,4825e0db406045ae,ITAY_HAP,hap_sum
2017-05-11T23:10:43Z,0,0,4.22,0,0,4825e0db406045ae,ITAY_HAP,hap_sum
2017-05-11T23:09:42Z,0,0,4.22,0,0,4825e0db406045ae,ITAY_HAP,hap_sum
2017-05-11T23:08:41Z,0,0,4.22,0,0,4825e0db406045ae,ITAY_HAP,hap_sum
2017-05-11T23:07:39Z,0,0,4.23,0,0,4825e0db406045ae,ITAY_HAP,hap_sum
2017-05-11T23:07:22Z,0,0,4.22,0,0,4825e0db406045ae,ITAY_HAP,hap_sum
2017-05-11T23:05:41Z,0,0,4.21,0,0,4825e0db406045ae,ITAY_HAP,hap_sum
2017-05-11T23:04:38Z,0,0,4.21,0,0,4825e0db406045ae,ITAY_HAP,hap_sum
2017-05-11T23:03:38Z,0,0,4.22,0,0,4825e0db406045ae,ITAY_HAP,hap_sum
2017-05-11T23:02:42Z,0,0,4.21,0,0,4825e0db406045ae,ITAY_HAP,hap_sum
2017-05-11T23:01:38Z,0,0,4.22,0,0,4825e0db406045ae,ITAY_HAP,hap_sum
2017-05-11T23:00:40Z,0,0,4.22,0,0,4825e0db406045ae,ITAY_HAP,hap_sum
2017-05-11T23:00:18Z,0,0,4.22,0,0,4825e0db406045ae,ITAY_HAP,hap_sum
2017-05-11T22:58:42Z,0,0,4.21,0,0,4825e0db406045ae,ITAY_HAP,hap_sum
2017-05-11T22:57:38Z,0,0,4.23,0,0,4825e0db406045ae,ITAY_HAP,hap_sum
2017-05-11T22:57:21Z,0,0,4.21,0,0,4825e0db406045ae,ITAY_HAP,hap_sum
2017-05-11T22:55:44Z,0,0,4.22,0,0,4825e0db406045ae,ITAY_HAP,hap_sum
2017-05-11T22:54:41Z,0,0,4.21,0,0,4825e0db406045ae,ITAY_HAP,hap_sum
2017-05-11T22:53:38Z,0,0,4.22,0,0,4825e0db406045ae,ITAY_HAP,hap_sum
2017-05-11T22:53:18Z,0,0,4.22,0,0,4825e0db406045ae,ITAY_HAP,hap_sum
2017-05-11T22:51:42Z,0,0,4.22,0,0,4825e0db406045ae,ITAY_HAP,hap_sum
2017-05-11T22:50:43Z,0,0,4.22,0,0,4825e0db406045ae,ITAY_HAP,hap_sum
2017-05-11T22:50:21Z,0,0,4.21,0,0,4825e0db406045ae,ITAY_HAP,hap_sum
2017-05-11T22:48:38Z,0,0,4.21,0,0,4825e0db406045ae,ITAY_HAP,hap_sum
2017-05-11T22:47:40Z,0,0,4.22,0,0,4825e0db406045ae,ITAY_HAP,hap_sum
2017-05-11T22:46:41Z,0,0,4.22,0,0,4825e0db406045ae,ITAY_HAP,hap_sum
2017-05-11T22:45:43Z,0,0,4.21,0,0,4825e0db406045ae,ITAY_HAP,hap_sum
2017-05-11T22:44:39Z,0,0,4.21,0,0,4825e0db406045ae,ITAY_HAP,hap_sum
2017-05-11T22:43:39Z,0,0,4.21,0,0,4825e0db406045ae,ITAY_HAP,hap_sum
2017-05-11T22:42:40Z,0,0,4.21,0,0,4825e0db406045ae,ITAY_HAP,hap_sum
2017-05-11T22:41:40Z,0,0,4.22,0,0,4825e0db406045ae,ITAY_HAP,hap_sum
2017-05-11T22:40:43Z,0,0,4.22,0,0,4825e0db406045ae,ITAY_HAP,hap_sum
2017-05-11T22:39:41Z,0,0,4.23,0,0,4825e0db406045ae,ITAY_HAP,hap_sum
2017-05-11T22:39:20Z,0,0,4.23,0,0,4825e0db406045ae,ITAY_HAP,hap_sum
2017-05-11T22:38:21Z,0,0,4.22,0,0,4825e0db406045ae,ITAY_HAP,hap_sum
2017-05-11T22:36:40Z,0,0,4.21,0,0,4825e0db406045ae,ITAY_HAP,hap_sum
2017-05-11T22:35:38Z,0,0,4.22,0,0,4825e0db406045ae,ITAY_HAP,hap_sum
2017-05-11T22:35:20Z,0,0,4.22,0,0,4825e0db406045ae,ITAY_HAP,hap_sum
2017-05-11T22:33:42Z,0,0,4.21,0,0,4825e0db406045ae,ITAY_HAP,hap_sum
2017-05-11T22:32:39Z,0,0,4.22,0,0,4825e0db406045ae,ITAY_HAP,hap_sum
2017-05-11T22:31:41Z,0,0,4.22,0,0,4825e0db406045ae,ITAY_HAP,hap_sum
2017-05-11T22:30:40Z,0,0,4.22,0,0,4825e0db406045ae,ITAY_HAP,hap_sum
2017-05-11T22:29:39Z,0,0,4.22,0,0,4825e0db406045ae,ITAY_HAP,hap_sum
2017-05-11T22:28:41Z,0,0,4.22,0,0,4825e0db406045ae,ITAY_HAP,hap_sum
2017-05-11T22:27:39Z,0,0,4.22,0,0,4825e0db406045ae,ITAY_HAP,hap_sum
2017-05-11T22:26:43Z,0,0,4.22,0,0,4825e0db406045ae,ITAY_HAP,hap_sum
2017-05-11T22:25:40Z,0,0,4.23,0,0,4825e0db406045ae,ITAY_HAP,hap_sum
2017-05-11T22:24:41Z,0,0,4.22,0,0,4825e0db406045ae,ITAY_HAP,hap_sum
2017-05-11T22:24:17Z,0,0,4.22,0,0,4825e0db406045ae,ITAY_HAP,hap_sum
2017-05-11T22:22:38Z,0,0,4.22,0,0,4825e0db406045ae,ITAY_HAP,hap_sum
2017-05-11T22:21:41Z,0,0,4.22,0,0,4825e0db406045ae,ITAY_HAP,hap_sum
2017-05-11T22:20:40Z,0,0,4.23,0,0,4825e0db406045ae,ITAY_HAP,hap_sum
2017-05-11T22:20:23Z,0,0,4.22,0,0,4825e0db406045ae,ITAY_HAP,hap_sum
2017-05-11T22:18:42Z,0,0,4.22,0,0,4825e0db406045ae,ITAY_HAP,hap_sum
2017-05-11T22:17:41Z,0,0,4.22,0,0,4825e0db406045ae,ITAY_HAP,hap_sum
2017-05-11T22:16:40Z,0,0,4.22,0,0,4825e0db406045ae,ITAY_HAP,hap_sum
2017-05-11T22:15:39Z,0,0,4.22,0,0,4825e0db406045ae,ITAY_HAP,hap_sum
2017-05-11T22:14:40Z,0,0,4.22,0,0,4825e0db406045ae,ITAY_HAP,hap_sum
2017-05-11T22:13:40Z,0,0,4.23,0,0,4825e0db406045ae,ITAY_HAP,hap_sum
2017-05-11T22:13:19Z,0,0,4.22,0,0,4825e0db406045ae,ITAY_HAP,hap_sum
2017-05-11T22:11:41Z,0,0,4.22,0,0,4825e0db406045ae,ITAY_HAP,hap_sum
2017-05-11T22:10:42Z,0,0,4.22,0,0,4825e0db406045ae,ITAY_HAP,hap_sum
2017-05-11T22:09:39Z,0,0,4.23,0,0,4825e0db406045ae,ITAY_HAP,hap_sum
2017-05-11T22:09:22Z,0,0,4.22,0,0,4825e0db406045ae,ITAY_HAP,hap_sum
2017-05-11T22:07:38Z,0,0,4.22,0,0,4825e0db406045ae,ITAY_HAP,hap_sum
2017-05-11T22:06:41Z,0,0,4.23,0,0,4825e0db406045ae,ITAY_HAP,hap_sum
2017-05-11T22:05:42Z,0,0,4.24,0,0,4825e0db406045ae,ITAY_HAP,hap_sum
2017-05-11T22:05:24Z,0,0,4.23,0,0,4825e0db406045ae,ITAY_HAP,hap_sum
2017-05-11T22:05:05Z,0,0,4.22,0,0,4825e0db406045ae,ITAY_HAP,hap_sum
2017-05-11T22:02:43Z,0,0,4.24,0,0,4825e0db406045ae,ITAY_HAP,hap_sum
2017-05-11T22:02:23Z,0,0,4.23,0,0,4825e0db406045ae,ITAY_HAP,hap_sum
2017-05-11T22:02:05Z,0,0,4.22,0,0,4825e0db406045ae,ITAY_HAP,hap_sum
2017-05-11T21:59:45Z,0,0,4.24,0,0,4825e0db406045ae,ITAY_HAP,hap_sum
2017-05-11T21:59:27Z,0,0,4.23,0,0,4825e0db406045ae,ITAY_HAP,hap_sum
2017-05-11T21:59:09Z,0,0,4.23,0,0,4825e0db406045ae,ITAY_HAP,hap_sum
2017-05-11T21:57:28Z,0,0,4.23,0,0,4825e0db406045ae,ITAY_HAP,hap_sum
2017-05-11T21:57:07Z,0,0,4.22,0,0,4825e0db406045ae,ITAY_HAP,hap_sum
2017-05-11T21:55:22Z,0,0,4.2,0,0,4825e0db406045ae,ITAY_HAP,hap_sum
2017-05-11T21:53:39Z,0,0,4.21,0,0,4825e0db406045ae,ITAY_HAP,hap_sum
2017-05-11T21:52:41Z,0,0,4.2,0,0,4825e0db406045ae,ITAY_HAP,hap_sum
2017-05-11T21:51:38Z,0,0,4.21,0,0,4825e0db406045ae,ITAY_HAP,hap_sum
2017-05-11T21:50:43Z,0,0,4.21,0,0,4825e0db406045ae,ITAY_HAP,hap_sum
2017-05-11T21:49:41Z,0,0,4.21,0,0,4825e0db406045ae,ITAY_HAP,hap_sum
2017-05-11T21:48:42Z,0,0,4.2,0,0,4825e0db406045ae,ITAY_HAP,hap_sum
2017-05-11T21:47:38Z,0,0,4.21,0,0,4825e0db406045ae,ITAY_HAP,hap_sum
2017-05-11T21:46:43Z,0,0,4.22,0,0,4825e0db406045ae,ITAY_HAP,hap_sum
2017-05-11T21:45:43Z,0,0,4.23,0,0,4825e0db406045ae,ITAY_HAP,hap_sum
2017-05-11T21:45:23Z,0,0,4.22,0,0,4825e0db406045ae,ITAY_HAP,hap_sum
2017-05-11T21:45:05Z,0,0,4.2,0,0,4825e0db406045ae,ITAY_HAP,hap_sum
2017-05-11T21:42:38Z,0,0,4.2,0,0,4825e0db406045ae,ITAY_HAP,hap_sum
2017-05-11T21:41:40Z,0,0,4.2,0,0,4825e0db406045ae,ITAY_HAP,hap_sum
2017-05-11T21:40:39Z,0,0,4.21,0,0,4825e0db406045ae,ITAY_HAP,hap_sum
2017-05-11T21:39:43Z,0,0,4.2,0,0,4825e0db406045ae,ITAY_HAP,hap_sum
2017-05-11T21:38:38Z,0,0,4.2,0,0,4825e0db406045ae,ITAY_HAP,hap_sum
2017-05-11T21:37:39Z,0,0,4.21,0,0,4825e0db406045ae,ITAY_HAP,hap_sum
2017-05-11T21:36:41Z,0,0,4.21,0,0,4825e0db406045ae,ITAY_HAP,hap_sum
2017-05-11T21:35:43Z,0,0,4.22,0,0,4825e0db406045ae,ITAY_HAP,hap_sum
2017-05-11T21:35:22Z,0,0,4.2,0,0,4825e0db406045ae,ITAY_HAP,hap_sum
2017-05-11T21:33:40Z,0,0,4.2,0,0,4825e0db406045ae,ITAY_HAP,hap_sum
2017-05-11T21:32:38Z,0,0,4.21,0,0,4825e0db406045ae,ITAY_HAP,hap_sum
2017-05-11T21:31:41Z,0,0,4.21,0,0,4825e0db406045ae,ITAY_HAP,hap_sum
2017-05-11T21:30:41Z,0,0,4.22,0,0,4825e0db406045ae,ITAY_HAP,hap_sum
2017-05-11T21:29:41Z,0,0,4.22,0,0,4825e0db406045ae,ITAY_HAP,hap_sum
2017-05-11T21:29:22Z,0,0,4.21,0,0,4825e0db406045ae,ITAY_HAP,hap_sum
2017-05-11T21:27:41Z,0,0,4.21,0,0,4825e0db406045ae,ITAY_HAP,hap_sum
2017-05-11T21:26:43Z,0,0,4.2,0,0,4825e0db406045ae,ITAY_HAP,hap_sum
2017-05-11T21:25:38Z,0,0,4.21,0,0,4825e0db406045ae,ITAY_HAP,hap_sum
2017-05-11T21:24:38Z,0,0,4.21,0,0,4825e0db406045ae,ITAY_HAP,hap_sum
2017-05-11T21:23:41Z,0,0,4.21,0,0,4825e0db406045ae,ITAY_HAP,hap_sum
2017-05-11T21:22:40Z,0,0,4.21,0,0,4825e0db406045ae,ITAY_HAP,hap_sum
2017-05-11T21:21:41Z,0,0,4.22,0,0,4825e0db406045ae,ITAY_HAP,hap_sum
2017-05-11T21:20:42Z,0,0,4.22,0,0,4825e0db406045ae,ITAY_HAP,hap_sum
2017-05-11T21:19:42Z,0,0,4.22,0,0,4825e0db406045ae,ITAY_HAP,hap_sum
2017-05-11T21:18:41Z,0,0,4.22,0,0,4825e0db406045ae,ITAY_HAP,hap_sum
2017-05-11T21:17:41Z,0,0,4.22,0,0,4825e0db406045ae,ITAY_HAP,hap_sum
2017-05-11T21:16:43Z,0,0,4.22,0,0,4825e0db406045ae,ITAY_HAP,hap_sum
2017-05-11T21:15:43Z,0,0,4.22,0,0,4825e0db406045ae,ITAY_HAP,hap_sum
2017-05-11T21:14:39Z,0,0,4.23,0,0,4825e0db406045ae,ITAY_HAP,hap_sum
2017-05-11T21:14:21Z,0,0,4.22,0,0,4825e0db406045ae,ITAY_HAP,hap_sum
2017-05-11T21:13:19Z,0,0,4.21,0,0,4825e0db406045ae,ITAY_HAP,hap_sum
2017-05-11T21:11:40Z,0,0,4.21,0,0,4825e0db406045ae,ITAY_HAP,hap_sum
2017-05-11T21:10:40Z,0,0,4.21,0,0,4825e0db406045ae,ITAY_HAP,hap_sum
2017-05-11T21:09:38Z,0,0,4.21,0,0,4825e0db406045ae,ITAY_HAP,hap_sum
2017-05-11T21:08:40Z,0,0,4.22,0,0,4825e0db406045ae,ITAY_HAP,hap_sum
2017-05-11T21:07:40Z,0,0,4.22,0,0,4825e0db406045ae,ITAY_HAP,hap_sum
2017-05-11T21:06:43Z,0,0,4.22,0,0,4825e0db406045ae,ITAY_HAP,hap_sum
2017-05-11T21:05:42Z,0,0,4.22,0,0,4825e0db406045ae,ITAY_HAP,hap_sum
2017-05-11T21:04:41Z,0,0,4.22,0,0,4825e0db406045ae,ITAY_HAP,hap_sum
2017-05-11T21:03:41Z,0,0,4.21,0,0,4825e0db406045ae,ITAY_HAP,hap_sum
2017-05-11T21:02:38Z,0,0,4.22,0,0,4825e0db406045ae,ITAY_HAP,hap_sum
2017-05-11T21:01:42Z,0,0,4.22,0,0,4825e0db406045ae,ITAY_HAP,hap_sum
2017-05-11T21:00:41Z,0,0,4.21,0,0,4825e0db406045ae,ITAY_HAP,hap_sum
2017-05-11T20:59:39Z,0,0,4.21,0,0,4825e0db406045ae,ITAY_HAP,hap_sum
2017-05-11T20:58:38Z,0,0,4.21,0,0,4825e0db406045ae,ITAY_HAP,hap_sum
2017-05-11T20:57:38Z,0,0,4.22,0,0,4825e0db406045ae,ITAY_HAP,hap_sum
2017-05-11T20:56:42Z,0,0,4.22,0,0,4825e0db406045ae,ITAY_HAP,hap_sum
2017-05-11T20:55:43Z,0,0,4.21,0,0,4825e0db406045ae,ITAY_HAP,hap_sum
2017-05-11T20:54:40Z,0,0,4.22,0,0,4825e0db406045ae,ITAY_HAP,hap_sum
2017-05-11T20:53:41Z,0,0,4.21,0,0,4825e0db406045ae,ITAY_HAP,hap_sum
2017-05-11T20:52:38Z,0,0,4.22,0,0,4825e0db406045ae,ITAY_HAP,hap_sum
2017-05-11T20:51:42Z,0,0,4.22,0,0,4825e0db406045ae,ITAY_HAP,hap_sum
2017-05-11T20:50:42Z,0,0,4.22,0,0,4825e0db406045ae,ITAY_HAP,hap_sum
2017-05-11T20:49:40Z,0,0,4.23,0,0,4825e0db406045ae,ITAY_HAP,hap_sum
2017-05-11T20:49:19Z,0,0,4.23,0,0,4825e0db406045ae,ITAY_HAP,hap_sum
2017-05-11T20:49:00Z,0,0,4.23,0,0,4825e0db406045ae,ITAY_HAP,hap_sum
2017-05-11T20:48:01Z,0,0,4.21,0,0,4825e0db406045ae,ITAY_HAP,hap_sum
2017-05-11T20:45:39Z,0,0,4.21,0,0,4825e0db406045ae,ITAY_HAP,hap_sum
2017-05-11T20:44:38Z,0,0,4.22,0,0,4825e0db406045ae,ITAY_HAP,hap_sum
2017-05-11T20:43:41Z,0,0,4.21,0,0,4825e0db406045ae,ITAY_HAP,hap_sum
2017-05-11T20:42:40Z,0,0,4.22,0,0,4825e0db406045ae,ITAY_HAP,hap_sum
2017-05-11T20:41:39Z,0,0,4.23,0,0,4825e0db406045ae,ITAY_HAP,hap_sum
2017-05-11T20:41:20Z,0,0,4.22,0,0,4825e0db406045ae,ITAY_HAP,hap_sum
2017-05-11T20:39:43Z,0,0,4.21,0,0,4825e0db406045ae,ITAY_HAP,hap_sum
2017-05-11T20:38:39Z,0,0,4.21,0,0,4825e0db406045ae,ITAY_HAP,hap_sum
2017-05-11T20:37:38Z,0,0,4.22,0,0,4825e0db406045ae,ITAY_HAP,hap_sum
2017-05-11T20:36:38Z,0,0,4.22,0,0,4825e0db406045ae,ITAY_HAP,hap_sum
2017-05-11T20:36:19Z,0,0,4.21,0,0,4825e0db406045ae,ITAY_HAP,hap_sum
2017-05-11T20:34:38Z,0,0,4.21,0,0,4825e0db406045ae,ITAY_HAP,hap_sum
2017-05-11T20:33:41Z,0,0,4.21,0,0,4825e0db406045ae,ITAY_HAP,hap_sum
2017-05-11T20:32:39Z,0,0,4.21,0,0,4825e0db406045ae,ITAY_HAP,hap_sum
2017-05-11T20:31:40Z,0,0,4.21,0,0,4825e0db406045ae,ITAY_HAP,hap_sum
2017-05-11T20:30:40Z,0,0,4.22,0,0,4825e0db406045ae,ITAY_HAP,hap_sum
2017-05-11T20:29:41Z,0,0,4.21,0,0,4825e0db406045ae,ITAY_HAP,hap_sum
2017-05-11T20:28:41Z,0,0,4.2,0,0,4825e0db406045ae,ITAY_HAP,hap_sum